nn,item_name,price,link
1,Подушка для сна Монсана 50x70,2290руб.,https://www.divan.ru/product/podushka-dlya-sna-monsana-50x70
2,Подушка для сна Миэль 50x70,3190руб.,https://www.divan.ru/product/podushka-dlya-sna-miel-50x70
3,Ковер Line-Salvador 160x230,14 990руб.,https://www.divan.ru/product/kover-line-salvador-160x230
4,Одеяло Бэлл 200x220,6990руб.,https://www.divan.ru/product/odeyalo-bell-200x220
5,Ковер Джайпур-Этник 160x230,23 990руб.,https://www.divan.ru/product/kover-djajpur-etnik-160x230
6,Ковер Vivica-White-Taupe 160x230,31 990руб.,https://www.divan.ru/product/kover-vivica-white-taupe-160x230
7,Зеркало Стелла Дуб Сонома,3290руб.,https://www.divan.ru/product/zerkalo-stella-dub-sonoma
8,Подушка для сна Маффи 50x70,2490руб.,https://www.divan.ru/product/podushka-dlya-sna-maffi-50x70
9,Одеяло Миллак 140x205,4690руб.,https://www.divan.ru/product/odeyalo-millak-140x205
10,Ковер двусторонний Лиссе 160x230,9090руб.,https://www.divan.ru/product/kover-dvustoronnij-lisse-160x230
11,Подушка для сна Космо 50x70,2490руб.,https://www.divan.ru/product/podushka-dlya-sna-kosmo-50x70
12,Средство по уходу за мебелью AGG для рогожки,690руб.,https://www.divan.ru/product/sredstva-po-uhodu-za-mebelyu-agg-dlya-rogojki
13,Ковер Лоуэлл 160x230,10 590руб.,https://www.divan.ru/product/kover-louell-160x230
14,Пятновыводитель AGG универсальный,790руб.,https://www.divan.ru/product/pyatnovyvoditel-agg-universalnyj
15,Средство по уходу за мебелью AGG для велюра,690руб.,https://www.divan.ru/product/sredstva-po-uhodu-za-mebelyu-agg-dlya-velyura
16,Ковер Мейвори 160x230,11 090руб.,https://www.divan.ru/product/kover-mejvori-160x230
17,Ковер Rabbit-Creme 160x230,29 990руб.,https://www.divan.ru/product/kover-rabbit-creme-160x230
18,Ковер Vivica-Grey-Blue 160x230,32 990руб.,https://www.divan.ru/product/kover-vivica-grey-blue-160x230
19,Зеркало Стелла Белый,3290руб.,https://www.divan.ru/product/zerkalo-stella-belyj
20,Ковер Арджил-Этник-Blue 70x160,11 990руб.,https://www.divan.ru/product/kover-ardjil-etnik-blue-70x160
21,Средство очистки AGG для очистки ковров,690руб.,https://www.divan.ru/product/sredstvo-ochistki-agg-dlya-ochistki-kovrov
22,Зеркало Кристэн Дуб Сонома,3290руб.,https://www.divan.ru/product/zerkalo-kristen-dub-sonoma
23,Ковер Боник 160x230,11 590руб.,https://www.divan.ru/product/kover-bonik-160x230
24,Подушка для сна Бэлл 50x70,2490руб.,https://www.divan.ru/product/podushka-dlya-sna-bell-50x70
25,Одеяло Сиена 140x205,5190руб.,https://www.divan.ru/product/odeyalo-siena-140x205
26,Ковер Флау 160x230,12 090руб.,https://www.divan.ru/product/kover-flau-160x230
27,Одеяло Маффи 172x205,6490руб.,https://www.divan.ru/product/odeyalo-maffi-172x205
28,Подушка для сна Вивьен 50x70,1390руб.,https://www.divan.ru/product/podushka-dlya-sna-viven-50x70
29,Подушка для сна Амели 50x70,1990руб.,https://www.divan.ru/product/podushka-dlya-sna-ameli-50x70
30,Одеяло Амели 172x205,3590руб.,https://www.divan.ru/product/odeyalo-ameli-172x205
31,Ковер Rabbit-Grey 160x230,23 990руб.,https://www.divan.ru/product/kover-rabbit-grey-160x230
32,Подушка для сна Сиена 50x70,2490руб.,https://www.divan.ru/product/podushka-dlya-sna-siena-50x70
33,Одеяло Илин 200x220,6990руб.,https://www.divan.ru/product/odeyalo-ilin-200x220
34,Подушка для сна Флатми 50x70,2990руб.,https://www.divan.ru/product/podushka-dlya-sna-flatmi-50x70
35,Подушка для сна Илин 50x70,2990руб.,https://www.divan.ru/product/podushka-dlya-sna-ilin-50x70
36,Подушка для сна Миллак 50x70,2490руб.,https://www.divan.ru/product/podushka-dlya-sna-millak-50x70
37,Универсальные влажные салфетки AGG для тканей,590руб.,https://www.divan.ru/product/universalnye-vlajnye-salfetki-agg-dlya-tkanej
38,Универсальные влажные салфетки AGG для корпусной мебели,590руб.,https://www.divan.ru/product/universalnye-vlajnye-salfetki-agg-dlya-korpusnoj-mebeli
39,Ковер Line-Otto 160x230,15 690руб.,https://www.divan.ru/product/kover-line-otto-160x230
40,Ковер Mineral-Blue 160x230,13 990руб.,https://www.divan.ru/product/kover-mineral-blue-160x230
41,Средство по уходу за мебелью AGG для замши,690руб.,https://www.divan.ru/product/sredstva-po-uhodu-za-mebelyu-agg-dlya-zamshi
42,Полироль AGG матовый,690руб.,https://www.divan.ru/product/polirol-agg-matovyj
43,Ковер Ungaro-Sultan 160x230,13 990руб.,https://www.divan.ru/product/kover-ungaro-sultan-160x230
44,Ковер Ungaro-Jasmine 160x230,13 990руб.,https://www.divan.ru/product/kover-ungaro-jasmine-160x230
45,Ковер Ungaro-Castle 160x230,13 990руб.,https://www.divan.ru/product/kover-ungaro-castle-160x230
46,Ковер Ungaro-Fancy 140x200,10 990руб.,https://www.divan.ru/product/kover-ungaro-fancy-140x200
47,Ковер Relax-Grand 160x230,14 990руб.,https://www.divan.ru/product/kover-relax-grand-160x230
48,Ковер Relax-Mirage 160x230,14 990руб.,https://www.divan.ru/product/kover-relax-mirage-160x230
